<?xml version="1.0" encoding="UTF-8"?>
<project-private xmlns="http://www.netbeans.org/ns/project-private/1">
    <editor-bookmarks xmlns="http://www.netbeans.org/ns/editor-bookmarks/2" lastBookmarkId="0"/>
    <open-files xmlns="http://www.netbeans.org/ns/projectui-open-files/2">
        <group>
            <file>file:/C:/Users/Mkom/Documents/NetBeansProjects/MDBLab/MDBLab-ejb/src/java/ejb/NewsMDB.java</file>
            <file>file:/C:/Users/Mkom/Documents/NetBeansProjects/MDBLab/MDBLab-ejb/src/java/ejb/NewsItemFacade.java</file>
            <file>file:/C:/Users/Mkom/Documents/NetBeansProjects/MDBLab/MDBLab-ejb/src/java/ejb/NewsItem.java</file>
            <file>file:/C:/Users/Mkom/Documents/NetBeansProjects/MDBLab/MDBLab-ejb/src/conf/persistence.xml</file>
        </group>
    </open-files>
</project-private>
